combo,labels
TODO: refactor this once the upstream bug is resolved.,"[0, 0, 1, 0, 0]"
FIXME: this workaround should be removed after v2.0.,"[0, 0, 1, 0, 0]"
NOTE: this implementation is temporary.,"[0, 0, 1, 0, 0]"
HACK: relies on internal behavior of the parser.,"[0, 0, 1, 0, 0]"
Known issue: fails when input is empty.,"[0, 0, 1, 0, 0]"
This is a temporary solution pending redesign.,"[0, 0, 1, 0, 0]"
Developer note: error handling needs improvement.,"[0, 0, 1, 0, 0]"
This section may require updates in future releases.,"[0, 0, 1, 0, 0]"
Internal note for maintainers only.,"[0, 0, 1, 0, 0]"
TODO: add proper unit tests.,"[0, 0, 1, 0, 0]"
Args: x (int): input value.,"[0, 0, 0, 0, 0]"
Returns the computed result.,"[0, 0, 0, 0, 0]"
Example usage is shown below.,"[0, 0, 0, 0, 0]"
This function calculates the checksum.,"[0, 0, 0, 0, 0]"
Parameters are validated internally.,"[0, 0, 0, 0, 0]"
Usage: call this function after setup.,"[0, 0, 0, 0, 0]"
Summary: processes incoming data.,"[0, 0, 0, 0, 0]"
This method returns a boolean.,"[0, 0, 0, 0, 0]"
The function accepts multiple arguments.,"[0, 0, 0, 0, 0]"
Usage example using >>> prompt.,"[0, 0, 0, 0, 0]"
